{
  "winner": "TransE",
  "TransE_MRR": 0.37188092031084347,
  "DistMult_MRR": 0.016211496340214765,
  "TransE_Hits@10": 0.7358490566037735,
  "DistMult_Hits@10": 0.04,
  "size_sensitivity": {
    "TransE_delta_mrr": 0.0,
    "DistMult_delta_mrr": 0.0,
    "note": "Small split equals full split in this project because total triples < 5k."
  },
  "why_winner": "Higher MRR on full split; ties are broken in favor of DistMult by current rule.",
  "transE_optimization": {
    "best_variant": "kb_plus_inferred",
    "inferred_improved": true,
    "before": {
      "mrr": 0.0996309959517647,
      "hits_at_1": 0.06,
      "hits_at_3": 0.12,
      "hits_at_10": 0.16
    },
    "after": {
      "mrr": 0.37188092031084347,
      "hits_at_1": 0.16037735849056603,
      "hits_at_3": 0.5377358490566038,
      "hits_at_10": 0.7358490566037735,
      "eval_size": 106
    }
  }
}